TTRPALQEL	AML
LSASHLSSL	AML
HTVTQAGVHW	AML
DSEEEQED	AML
ITSSAVTTALK	AML
NYYPYTITEY	AML
LQFYCFSS	AML
RRRGSGPLS	AML
QRCEDVWL	AML
SKHTLYLEM	AML
RLVTEPSGPK	CGATTGGTGACCGAGCCGAGCGGACCGAAG	Ovarian
SLNSRSQLK	AGTCTAAATAGCAGATCACAGCTGAAA	Ovarian
AETGVKKPQ	GCAGAGACTGGAGTGAAGAAGCCACAA	Ovarian
IILDVGCLY	ATCATATTAGATGTGGGATGTTTATAC	Ovarian
TVQNSRSLK 	 ACAGTTCAAAATTCAAGAAGTTTAAAG	Ovarian
TPSSHLGLLSY 	 ACTCCTTCATCACACCTGGGACTACTCTCATAT	Ovarian
VTIDTTQTK 	 GTTACCATTGACACTACTCAAACAAAA	Ovarian
LLLDKLYFL 	 CTGCTTCTGGACAAATTATACTTTTTA	Ovarian
LVFNIILHR 	 CTGGTCTTCAACATTATTTTGCATAGA	Ovarian
RTATPLTMK 	 CGAACAGCAACCCCTTTGACGATGAAG	Ovarian
ALHDSPVYL	GCATTGCATGATTCTCCAGTATATTTG	chr17:38850116-38850142	-	Lymphoma
TPMFREYSL	ACCCCCATGTTCCGGGAGTACTCCCTG	chr12:57233569-57233595	+	Lymphoma
ALLERGYSL	GCCCTGCTAGAGCGAGGCTACTCACTG	chr12:57233629-57233655	+	Lymphoma
RVLELVSITA	CGGGTGCTAGAGCTTGTATCCATCACTGCC	chr12:57233817-57233846	+	Lymphoma
RVVDFIDEGV	AGAGTTGTGGACTTTATAGATGAAGGGGTC	chr12:57234050-57234079	+	Lymphoma
IPYTFEDRI	ATCCCTTACACATTTGAGGACCGAATC	chr12:57233241-57233267	+	Lymphoma
DAVRLINI	GATGCTGTAAGATTAATTAATATA	chr5:65576969-65576992	+	Lymphoma
LPNGGFITI	CTCCCCAATGGTGGATTTATTACTATT	chr10:123163887-123163913	+	Lymphoma
LPKIYIHRV	CTCCCCAAGATCTACATCCACCGAGTC	chr19:18924934-18924960	+	Lymphoma
LASPHSPIL	CTGGCCTCTCCCCACTCCCCCATCCTC	chr9:128361044-128361070	+	Lymphoma
